{
    "1": {
        "first": {
            "D": 6.3811,
            "A": 0.242778,
            "long": 285
        },
        "second": {
            "D": 21.1046,
            "A": 0.242765,
            "long": 300
        }
    },
    "2": {
        "first": {
            "D": 4.8693,
            "A": 0.242713,
            "long": 315
        },
        "second": {
            "D": 19.7062,
            "A": 0.242627,
            "long": 330
        }
    },
    "3": {
        "first": {
            "D": 6.3968,
            "A": 0.242512,
            "long": 345
        },
        "second": {
            "D": 21.4471,
            "A": 0.242377,
            "long": 0
        }
    },
    "4": {
        "first": {
            "D": 5.6280,
            "A": 0.242231,
            "long": 15
        },
        "second": {
            "D": 20.9375,
            "A": 0.242083,
            "long": 30
        }
    },
    "5": {
        "first": {
            "D": 6.3771,
            "A": 0.241945,
            "long": 45
        },
        "second": {
            "D": 21.9300,
            "A": 0.241825,
            "long": 60
        }
    },
    "6": {
        "first": {
            "D": 6.5733,
            "A": 0.241731,
            "long": 75
        },
        "second": {
            "D": 22.2747,
            "A": 0.241669,
            "long": 90
        }
    },
    "7": {
        "first": {
            "D": 8.0091,
            "A": 0.241642,
            "long": 105
        },
        "second": {
            "D": 23.7317,
            "A": 0.241654,
            "long": 120
        }
    },
    "8": {
        "first": {
            "D": 8.4102,
            "A": 0.241703,
            "long": 135
        },
        "second": {
            "D": 24.0125,
            "A": 0.241786,
            "long": 150
        }
    },
    "9": {
        "first": {
            "D": 8.5186,
            "A": 0.241898,
            "long": 165
        },
        "second": {
            "D": 23.8896,
            "A": 0.242032,
            "long": 180
        }
    },
    "10": {
        "first": {
            "D": 9.1414,
            "A": 0.242179,
            "long": 195
        },
        "second": {
            "D": 24.2487,
            "A": 0.242328,
            "long": 210
        }
    },
    "11": {
        "first": {
            "D": 8.2396,
            "A": 0.242469,
            "long": 225
        },
        "second": {
            "D": 23.1189,
            "A": 0.242592,
            "long": 240
        }
    },
    "12": {
        "first": {
            "D": 7.9152,
            "A": 0.242689,
            "long": 255
        },
        "second": {
            "D": 22.6587,
            "A": 0.242752,
            "long": 270
        }
    }
}