{
    "1": {
        "first": {
            "D": 6.3811,
            "A": 0.242778
        },
        "second": {
            "D": 21.1046,
            "A": 0.242765
        }
    },
    "2": {
        "first": {
            "D": 4.8693,
            "A": 0.242713
        },
        "second": {
            "D": 19.7062,
            "A": 0.242627
        }
    },
    "3": {
        "first": {
            "D": 6.3968,
            "A": 0.242512
        },
        "second": {
            "D": 21.4471,
            "A": 0.242377
        }
    },
    "4": {
        "first": {
            "D": 5.6280,
            "A": 0.242231
        },
        "second": {
            "D": 20.9375,
            "A": 0.242083
        }
    },
    "5": {
        "first": {
            "D": 6.3771,
            "A": 0.241945
        },
        "second": {
            "D": 21.9300,
            "A": 0.241825
        }
    },
    "6": {
        "first": {
            "D": 6.5733,
            "A": 0.241731
        },
        "second": {
            "D": 22.2747,
            "A": 0.241669
        }
    },
    "7": {
        "first": {
            "D": 8.0091,
            "A": 0.241642
        },
        "second": {
            "D": 23.7317,
            "A": 0.241654
        }
    },
    "8": {
        "first": {
            "D": 8.4102,
            "A": 0.241703
        },
        "second": {
            "D": 24.0125,
            "A": 0.241786
        }
    },
    "9": {
        "first": {
            "D": 8.5186,
            "A": 0.241898
        },
        "second": {
            "D": 23.8896,
            "A": 0.242032
        }
    },
    "10": {
        "first": {
            "D": 9.1414,
            "A": 0.242179
        },
        "second": {
            "D": 24.2487,
            "A": 0.242328
        }
    },
    "11": {
        "first": {
            "D": 8.2396,
            "A": 0.242469
        },
        "second": {
            "D": 23.1189,
            "A": 0.242592
        }
    },
    "12": {
        "first": {
            "D": 7.9152,
            "A": 0.242689
        },
        "second": {
            "D": 22.6587,
            "A": 0.242752
        }
    }
}